,series_animedb_id,series_title,series_type,series_episodes,my_watched_episodes,my_status,completion_rate
1,41380.0,100-man no Inochi no Ue ni Ore wa Tatteiru,TV,12.0,12.0,Completed,100.0
2,31646.0,3-gatsu no Lion,TV,22.0,22.0,Completed,100.0
3,35180.0,3-gatsu no Lion 2nd Season,TV,22.0,22.0,Completed,100.0
4,36793.0,3D Kanojo: Real Girl,TV,12.0,12.0,Completed,100.0
5,37956.0,3D Kanojo: Real Girl 2nd Season,TV,12.0,12.0,Completed,100.0
6,38101.0,5-toubun no Hanayome,TV,12.0,12.0,Completed,100.0
7,39783.0,5-toubun no Hanayome ∬,TV,12.0,12.0,Completed,100.0
8,41457.0,86,TV,11.0,11.0,Completed,100.0
9,48569.0,86 Part 2,TV,12.0,12.0,Completed,100.0
10,32998.0,91 Days,TV,12.0,12.0,Completed,100.0
11,1292.0,Afro Samurai,TV,5.0,5.0,Completed,100.0
12,27939.0,Afro Samurai Pilot,Special,1.0,1.0,Completed,100.0
13,37403.0,Ahiru no Sora,TV,50.0,50.0,Completed,100.0
14,34881.0,Aho Girl,TV,12.0,12.0,Completed,100.0
15,17082.0,Aiura,TV,12.0,12.0,Completed,100.0
16,31580.0,Ajin,TV,13.0,13.0,Completed,100.0
17,33253.0,Ajin Part 2,TV,13.0,13.0,Completed,100.0
18,30123.0,Akagami no Shirayuki-hime,TV,12.0,12.0,Completed,100.0
19,22199.0,Akame ga Kill!,TV,24.0,24.0,Completed,100.0
20,41433.0,Akudama Drive,TV,12.0,12.0,Completed,100.0
21,6547.0,Angel Beats!,TV,13.0,13.0,Completed,100.0
22,11111.0,Another,TV,12.0,12.0,Completed,100.0
23,24833.0,Ansatsu Kyoushitsu,TV,22.0,22.0,Completed,100.0
24,30654.0,Ansatsu Kyoushitsu 2nd Season,TV,25.0,25.0,Completed,100.0
25,21995.0,Ao Haru Ride,TV,12.0,12.0,Completed,100.0
26,9919.0,Ao no Exorcist,TV,25.0,25.0,Completed,100.0
27,11737.0,Ao no Exorcist Movie,Movie,1.0,1.0,Completed,100.0
28,38753.0,Araburu Kisetsu no Otome-domo yo.,TV,12.0,12.0,Completed,100.0
29,2402.0,Ashita no Joe,TV,79.0,79.0,Completed,100.0
30,53428.0,Ayaka,TV,12.0,12.0,Completed,100.0
31,38328.0,Azur Lane,TV,12.0,12.0,Completed,100.0
32,37525.0,Babylon,TV,12.0,12.0,Completed,100.0
33,28805.0,Bakemono no Ko,Movie,1.0,1.0,Completed,100.0
34,5081.0,Bakemonogatari,TV,15.0,15.0,Completed,100.0
35,34443.0,Baki,ONA,26.0,26.0,Completed,100.0
36,7674.0,Bakuman.,TV,25.0,25.0,Completed,100.0
37,34636.0,Ballroom e Youkoso,TV,24.0,24.0,Completed,100.0
38,36649.0,Banana Fish,TV,24.0,24.0,Completed,100.0
39,22789.0,Barakamon,TV,12.0,12.0,Completed,100.0
40,53407.0,Bartender: Kami no Glass,TV,12.0,12.0,Completed,100.0
41,39195.0,Beastars,TV,12.0,12.0,Completed,100.0
42,40935.0,Beastars 2nd Season,TV,12.0,12.0,Completed,100.0
43,9513.0,Beelzebub,TV,60.0,60.0,Completed,100.0
44,31049.0,Beyblade Burst,TV,51.0,51.0,Completed,100.0
45,34572.0,Black Clover,TV,170.0,170.0,Completed,100.0
46,889.0,Black Lagoon,TV,12.0,12.0,Completed,100.0
47,269.0,Bleach,TV,366.0,366.0,Completed,100.0
48,41467.0,Bleach: Sennen Kessen-hen,TV,13.0,13.0,Completed,100.0
49,53998.0,Bleach: Sennen Kessen-hen - Ketsubetsu-tan,TV,13.0,13.0,Completed,100.0
50,56784.0,Bleach: Sennen Kessen-hen - Soukoku-tan,TV,14.0,3.0,Watching,21.428571428571427
51,34618.0,Blend S,TV,12.0,12.0,Completed,100.0
52,150.0,Blood+,TV,50.0,50.0,Completed,100.0
53,10490.0,Blood-C,TV,12.0,12.0,Completed,100.0
54,48824.0,Blue Archive PVs,PV,0.0,10.0,Watching,inf
55,49596.0,Blue Lock,TV,24.0,24.0,Completed,100.0
56,47917.0,Bocchi the Rock!,TV,12.0,12.0,Completed,100.0
57,31043.0,Boku dake ga Inai Machi,TV,12.0,12.0,Completed,100.0
58,31964.0,Boku no Hero Academia,TV,13.0,13.0,Completed,100.0
59,33486.0,Boku no Hero Academia 2nd Season,TV,25.0,25.0,Completed,100.0
60,36456.0,Boku no Hero Academia 3rd Season,TV,25.0,25.0,Completed,100.0
61,38408.0,Boku no Hero Academia 4th Season,TV,25.0,25.0,Completed,100.0
62,41587.0,Boku no Hero Academia 5th Season,TV,25.0,25.0,Completed,100.0
63,49918.0,Boku no Hero Academia 6th Season,TV,25.0,25.0,Completed,100.0
64,54789.0,Boku no Hero Academia 7th Season,TV,21.0,21.0,Watching,100.0
65,38186.0,Bokutachi wa Benkyou ga Dekinai,TV,13.0,13.0,Completed,100.0
66,40004.0,Bokutachi wa Benkyou ga Dekinai!,TV,13.0,13.0,Completed,100.0
67,34566.0,Boruto: Naruto Next Generations,TV,293.0,293.0,Completed,100.0
68,28755.0,Boruto: Naruto the Movie,Movie,1.0,1.0,Completed,100.0
69,31478.0,Bungou Stray Dogs,TV,12.0,12.0,Completed,100.0
70,32867.0,Bungou Stray Dogs 2nd Season,TV,12.0,12.0,Completed,100.0
71,38003.0,Bungou Stray Dogs 3rd Season,TV,12.0,12.0,Completed,100.0
72,50330.0,Bungou Stray Dogs 4th Season,TV,13.0,13.0,Completed,100.0
73,54898.0,Bungou Stray Dogs 5th Season,TV,11.0,11.0,Completed,100.0
74,12293.0,Campione! Matsurowanu Kamigami to Kamigoroshi no Maou,TV,13.0,13.0,Completed,100.0
75,44511.0,Chainsaw Man,TV,12.0,12.0,Completed,100.0
76,28999.0,Charlotte,TV,13.0,13.0,Completed,100.0
77,10800.0,Chihayafuru,TV,25.0,25.0,Completed,100.0
78,14397.0,Chihayafuru 2,TV,25.0,25.0,Completed,100.0
79,37379.0,Chihayafuru 3,TV,24.0,24.0,Completed,100.0
80,5908.0,Chinpui,TV,56.0,56.0,Completed,100.0
81,49613.0,Chiyu Mahou no Machigatta Tsukaikata,TV,13.0,13.0,Completed,100.0
82,37338.0,Chuukan Kanriroku Tonegawa,TV,24.0,24.0,Completed,100.0
83,14741.0,Chuunibyou demo Koi ga Shitai!,TV,12.0,12.0,Completed,100.0
84,18671.0,Chuunibyou demo Koi ga Shitai! Ren,TV,12.0,12.0,Completed,100.0
85,34382.0,Citrus,TV,12.0,12.0,Completed,100.0
86,2167.0,Clannad,TV,23.0,23.0,Completed,100.0
87,4181.0,Clannad: After Story,TV,24.0,24.0,Completed,100.0
88,1818.0,Claymore,TV,26.0,26.0,Completed,100.0
89,1575.0,Code Geass: Hangyaku no Lelouch,TV,25.0,25.0,Completed,100.0
90,2904.0,Code Geass: Hangyaku no Lelouch R2,TV,25.0,25.0,Completed,100.0
91,11703.0,Code:Breaker,TV,13.0,13.0,Completed,100.0
92,1.0,Cowboy Bebop,TV,26.0,26.0,Completed,100.0
93,8358.0,Crayon Shin-chan Movie 01: Action Kamen vs. Haigure Maou,Movie,1.0,1.0,Completed,100.0
94,3745.0,Crayon Shin-chan Movie 02: Buriburi Oukoku no Hihou,Movie,1.0,1.0,Completed,100.0
95,6460.0,Crayon Shin-chan Movie 05: Ankoku Tamatama Daitsuiseki,Movie,1.0,1.0,Completed,100.0
96,8362.0,Crayon Shin-chan Movie 08: Arashi wo Yobu Jungle,Movie,1.0,1.0,Completed,100.0
97,8363.0,Crayon Shin-chan Movie 11: Arashi wo Yobu Eikou no Yakiniku Road,Movie,1.0,1.0,Completed,100.0
98,8364.0,Crayon Shin-chan Movie 12: Arashi wo Yobu! Yuuhi no Kasukabe Boys,Movie,1.0,1.0,Completed,100.0
99,27653.0,Crayon Shin-chan Movie 23: Ora no Hikkoshi Monogatari - Saboten Daisuugeki,Movie,1.0,1.0,Completed,100.0
100,42310.0,Cyberpunk: Edgerunners,ONA,10.0,10.0,Completed,100.0
101,31636.0,Dagashi Kashi,TV,12.0,12.0,Completed,100.0
102,36049.0,Dagashi Kashi 2,TV,12.0,12.0,Completed,100.0
103,57334.0,Dandadan,TV,12.0,0.0,Watching,0.0
104,32189.0,Danganronpa 3: The End of Kibougamine Gakuen - Mirai-hen,TV,12.0,12.0,Completed,100.0
105,33028.0,Danganronpa 3: The End of Kibougamine Gakuen - Zetsubou-hen,TV,11.0,11.0,Completed,100.0
106,16592.0,Danganronpa: Kibou no Gakuen to Zetsubou no Koukousei The Animation,TV,13.0,13.0,Completed,100.0
107,11843.0,Danshi Koukousei no Nichijou,TV,12.0,12.0,Completed,100.0
108,8915.0,Dantalian no Shoka,TV,12.0,12.0,Completed,100.0
109,2025.0,Darker than Black: Kuro no Keiyakusha,TV,25.0,25.0,Completed,100.0
110,35849.0,Darling in the FranXX,TV,24.0,24.0,Completed,100.0
111,38656.0,Darwin's Game,TV,11.0,11.0,Completed,100.0
112,42423.0,Date A Bullet: Nightmare or Queen,Movie,1.0,1.0,Completed,100.0
113,15583.0,Date A Live,TV,12.0,12.0,Completed,100.0
114,19163.0,Date A Live II,TV,10.0,10.0,Completed,100.0
115,36633.0,Date A Live III,TV,12.0,12.0,Completed,100.0
116,41461.0,Date A Live IV,TV,12.0,12.0,Completed,100.0
117,6880.0,Deadman Wonderland,TV,12.0,12.0,Completed,100.0
118,14353.0,Death Billiards,Movie,1.0,1.0,Completed,100.0
119,1535.0,Death Note,TV,37.0,37.0,Completed,100.0
120,2994.0,Death Note: Rewrite,TV Special,2.0,2.0,Completed,100.0
121,28223.0,Death Parade,TV,12.0,12.0,Completed,100.0
122,2252.0,Devilman,TV,39.0,39.0,Completed,100.0
123,1629.0,Devilman Lady,TV,26.0,26.0,Completed,100.0
124,35120.0,Devilman: Crybaby,ONA,10.0,10.0,Completed,100.0
125,552.0,Digimon Adventure,TV,54.0,54.0,Completed,100.0
126,34543.0,Dive!!,TV,12.0,12.0,Completed,100.0
127,10155.0,Dog Days,TV,13.0,13.0,Completed,100.0
128,37982.0,Domestic na Kanojo,TV,12.0,12.0,Completed,100.0
129,38668.0,Dorohedoro,TV,12.0,12.0,Completed,100.0
130,37520.0,Dororo,TV,24.0,24.0,Completed,100.0
131,53421.0,Dosanko Gal wa Namara Menkoi,TV,12.0,12.0,Completed,100.0
132,38691.0,Dr. Stone,TV,24.0,24.0,Completed,100.0
133,223.0,Dragon Ball,TV,153.0,153.0,Completed,100.0
134,30694.0,Dragon Ball Super,TV,131.0,131.0,Completed,100.0
135,813.0,Dragon Ball Z,TV,291.0,291.0,Completed,100.0
136,39026.0,Dumbbell Nan Kilo Moteru?,TV,12.0,12.0,Completed,100.0
137,52701.0,Dungeon Meshi,TV,24.0,24.0,Completed,100.0
138,28121.0,Dungeon ni Deai wo Motomeru no wa Machigatteiru Darou ka,TV,13.0,13.0,Completed,100.0
139,6746.0,Durarara!!,TV,24.0,24.0,Completed,100.0
140,27833.0,Durarara!!x2 Ketsu,TV,12.0,12.0,Completed,100.0
141,23199.0,Durarara!!x2 Shou,TV,12.0,12.0,Completed,100.0
142,27831.0,Durarara!!x2 Ten,TV,12.0,12.0,Completed,100.0
143,226.0,Elfen Lied,TV,13.0,13.0,Completed,100.0
144,38671.0,Enen no Shouboutai,TV,24.0,24.0,Completed,100.0
145,40956.0,Enen no Shouboutai: Ni no Shou,TV,24.0,24.0,Completed,100.0
146,790.0,Ergo Proxy,TV,23.0,23.0,Completed,100.0
147,32901.0,Eromanga-sensei,TV,12.0,12.0,Completed,100.0
148,2759.0,Evangelion Movie 1: Jo,Movie,1.0,1.0,Completed,100.0
149,3784.0,Evangelion Movie 2: Ha,Movie,1.0,1.0,Completed,100.0
150,3785.0,Evangelion Movie 3: Q,Movie,1.0,1.0,Completed,100.0
151,6702.0,Fairy Tail,TV,175.0,175.0,Completed,100.0
152,22043.0,Fairy Tail (2014),TV,102.0,102.0,Completed,100.0
153,35972.0,Fairy Tail: Final Series,TV,51.0,51.0,Completed,100.0
154,31376.0,Flying Witch,TV,12.0,12.0,Completed,100.0
155,36704.0,Free! Dive to the Future,TV,12.0,12.0,Completed,100.0
156,38680.0,Fruits Basket 1st Season,TV,25.0,25.0,Completed,100.0
157,40417.0,Fruits Basket 2nd Season,TV,25.0,25.0,Completed,100.0
158,42938.0,Fruits Basket: The Final,TV,13.0,13.0,Completed,100.0
159,41120.0,Fugou Keiji: Balance:Unlimited,TV,11.0,11.0,Completed,100.0
160,121.0,Fullmetal Alchemist,TV,51.0,51.0,Completed,100.0
161,5114.0,Fullmetal Alchemist: Brotherhood,TV,64.0,64.0,Completed,100.0
162,33731.0,Gabriel DropOut,TV,12.0,12.0,Completed,100.0
163,35222.0,Gakuen Babysitters,TV,12.0,12.0,Completed,100.0
164,34280.0,Gamers!,TV,12.0,12.0,Completed,100.0
165,52481.0,Gimai Seikatsu,TV,12.0,12.0,Completed,100.0
166,918.0,Gintama,TV,201.0,201.0,Completed,100.0
167,9969.0,Gintama',TV,51.0,51.0,Completed,100.0
168,39533.0,Given,TV,11.0,11.0,Completed,100.0
169,17895.0,Golden Time,TV,24.0,24.0,Completed,100.0
170,37105.0,Grand Blue,TV,12.0,12.0,Completed,100.0
171,40052.0,Great Pretender,TV,23.0,23.0,Completed,100.0
172,245.0,Great Teacher Onizuka,TV,43.0,43.0,Completed,100.0
173,10793.0,Guilty Crown,TV,22.0,22.0,Completed,100.0
174,10271.0,Gyakkyou Burai Kaiji: Hakairoku-hen,TV,26.0,16.0,Dropped,61.53846153846154
175,3002.0,Gyakkyou Burai Kaiji: Ultimate Survivor,TV,26.0,26.0,Completed,100.0
176,20583.0,Haikyuu!!,TV,25.0,25.0,Completed,100.0
177,11785.0,Haiyore! Nyaruko-san,TV,12.0,12.0,Completed,100.0
178,263.0,Hajime no Ippo,TV,75.0,75.0,Completed,100.0
179,34403.0,Hajimete no Gal,TV,10.0,10.0,Completed,100.0
180,35889.0,Hakata Tonkotsu Ramens,TV,12.0,12.0,Completed,100.0
181,55597.0,Hananoi-kun to Koi no Yamai,TV,12.0,12.0,Completed,100.0
182,32648.0,Handa-kun,TV,12.0,12.0,Completed,100.0
183,37517.0,Happy Sugar Life,TV,12.0,12.0,Completed,100.0
184,15809.0,Hataraku Maou-sama!,TV,13.0,13.0,Completed,100.0
185,53200.0,Hataraku Maou-sama!! 2nd Season,TV,12.0,12.0,Completed,100.0
186,5630.0,Higashi no Eden,TV,11.0,11.0,Completed,100.0
187,11617.0,High School DxD,TV,12.0,12.0,Completed,100.0
188,8074.0,Highschool of the Dead,TV,12.0,12.0,Completed,100.0
189,41006.0,Higurashi no Naku Koro ni Gou,TV,24.0,24.0,Completed,100.0
190,28825.0,Himouto! Umaru-chan,TV,12.0,12.0,Completed,100.0
191,35376.0,Himouto! Umaru-chan R,TV,12.0,12.0,Completed,100.0
192,33948.0,Hinako Note,TV,12.0,12.0,Completed,100.0
193,37614.0,Hitoribocchi no Marumaru Seikatsu,TV,12.0,12.0,Completed,100.0
194,33241.0,Honobono Log,TV,10.0,10.0,Completed,100.0
195,42897.0,Horimiya,TV,13.0,13.0,Completed,100.0
196,54856.0,Horimiya: Piece,TV,13.0,13.0,Completed,100.0
197,37972.0,Hoshiai no Sora,TV,12.0,12.0,Completed,100.0
198,10408.0,Hotarubi no Mori e,Movie,1.0,1.0,Completed,100.0
199,56425.0,Houkago Shounen Hanako-kun,TV,4.0,4.0,Completed,100.0
200,57102.0,Houkago Shounen Hanako-kun Part 2,TV,4.0,4.0,Completed,100.0
201,35557.0,Houseki no Kuni,TV,12.0,12.0,Completed,100.0
202,11061.0,Hunter x Hunter (2011),TV,148.0,148.0,Completed,100.0
203,12189.0,Hyouka,TV,22.0,22.0,Completed,100.0
204,40046.0,Id:Invaded,TV,13.0,13.0,Completed,100.0
205,42361.0,"Ijiranaide, Nagatoro-san",TV,12.0,12.0,Completed,100.0
206,22507.0,Initial D Final Stage,TV,4.0,4.0,Completed,100.0
207,185.0,Initial D First Stage,TV,26.0,26.0,Completed,100.0
208,186.0,Initial D Second Stage,TV,13.0,13.0,Completed,100.0
209,249.0,InuYasha,TV,167.0,167.0,Completed,100.0
210,34542.0,Inuyashiki,TV,11.0,11.0,Completed,100.0
211,9041.0,IS: Infinite Stratos,TV,12.0,12.0,Completed,100.0
212,18247.0,IS: Infinite Stratos 2,TV,12.0,12.0,Completed,100.0
213,52367.0,Isekai Shikkaku,TV,12.0,12.0,Completed,100.0
214,14765.0,Ixion Saga DT,TV,25.0,25.0,Completed,100.0
215,39534.0,Jibaku Shounen Hanako-kun,TV,12.0,12.0,Completed,100.0
216,53924.0,Jibaku Shounen Hanako-kun 2,TV,12.0,5.0,Watching,41.66666666666667
217,12679.0,Joshiraku,TV,13.0,13.0,Completed,100.0
218,40748.0,Jujutsu Kaisen,TV,24.0,24.0,Completed,100.0
219,51009.0,Jujutsu Kaisen 2nd Season,TV,23.0,23.0,Completed,100.0
220,5680.0,K-On!,TV,13.0,13.0,Completed,100.0
221,7791.0,K-On!!,TV,26.0,26.0,Completed,100.0
222,37999.0,Kaguya-sama wa Kokurasetai: Tensai-tachi no Renai Zunousen,TV,12.0,12.0,Completed,100.0
223,43608.0,Kaguya-sama wa Kokurasetai: Ultra Romantic,TV,13.0,13.0,Completed,100.0
224,40591.0,Kaguya-sama wa Kokurasetai? Tensai-tachi no Renai Zunousen,TV,12.0,12.0,Completed,100.0
225,7054.0,Kaichou wa Maid-sama!,TV,26.0,26.0,Completed,100.0
226,52588.0,Kaijuu 8-gou,TV,12.0,12.0,Completed,100.0
227,34933.0,Kakegurui,TV,12.0,12.0,Completed,100.0
228,37086.0,Kakegurui××,TV,12.0,12.0,Completed,100.0
229,8525.0,Kami nomi zo Shiru Sekai,TV,12.0,12.0,Completed,100.0
230,10080.0,Kami nomi zo Shiru Sekai II,TV,12.0,12.0,Completed,100.0
231,19685.0,Kanojo ga Flag wo Oraretara,TV,13.0,13.0,Completed,100.0
232,40839.0,"Kanojo, Okarishimasu",TV,12.0,12.0,Completed,100.0
233,53050.0,"Kanojo, Okarishimasu 3rd Season",TV,12.0,12.0,Completed,100.0
234,35860.0,Karakai Jouzu no Takagi-san,TV,12.0,12.0,Completed,100.0
235,38993.0,Karakai Jouzu no Takagi-san 2,TV,12.0,12.0,Completed,100.0
236,24439.0,Kekkai Sensen,TV,12.0,12.0,Completed,100.0
237,34451.0,Kekkai Sensen & Beyond,TV,12.0,12.0,Completed,100.0
238,34825.0,Keppeki Danshi! Aoyama-kun,TV,12.0,12.0,Completed,100.0
239,18679.0,Kill la Kill,TV,24.0,24.0,Completed,100.0
240,38000.0,Kimetsu no Yaiba,TV,26.0,26.0,Completed,100.0
241,55701.0,Kimetsu no Yaiba: Hashira Geiko-hen,TV,8.0,8.0,Completed,100.0
242,47778.0,Kimetsu no Yaiba: Yuukaku-hen,TV,11.0,11.0,Completed,100.0
243,6045.0,Kimi ni Todoke,TV,25.0,25.0,Completed,100.0
244,9656.0,Kimi ni Todoke 2nd Season,TV,12.0,12.0,Completed,100.0
245,32281.0,Kimi no Na wa.,Movie,1.0,1.0,Completed,100.0
246,36098.0,Kimi no Suizou wo Tabetai,Movie,1.0,1.0,Completed,100.0
247,51213.0,Kinsou no Vermeil: Gakeppuchi Majutsushi wa Saikyou no Yakusai to Mahou Sekai wo Tsukisusumu,TV,12.0,12.0,Completed,100.0
248,22535.0,Kiseijuu: Sei no Kakuritsu,TV,24.0,24.0,Completed,100.0
249,7593.0,Kiss x Sis (TV),TV,12.0,12.0,Completed,100.0
250,33206.0,Kobayashi-san Chi no Maid Dragon,TV,13.0,13.0,Completed,100.0
251,39247.0,Kobayashi-san Chi no Maid Dragon S,TV,12.0,12.0,Completed,100.0
252,28851.0,Koe no Katachi,Movie,1.0,1.0,Completed,100.0
253,41103.0,Koi to Yobu ni wa Kimochi Warui,TV,12.0,12.0,Completed,100.0
254,11887.0,Kokoro Connect,TV,13.0,13.0,Completed,100.0
255,48926.0,"Komi-san wa, Comyushou desu.",TV,12.0,12.0,Completed,100.0
256,35434.0,Konbini Kareshi,TV,12.0,12.0,Completed,100.0
257,59361.0,Kono Kaisha ni Suki na Hito ga Imasu,TV,12.0,2.0,Watching,16.666666666666664
258,30831.0,Kono Subarashii Sekai ni Shukufuku wo!,TV,10.0,10.0,Completed,100.0
259,32937.0,Kono Subarashii Sekai ni Shukufuku wo! 2,TV,10.0,10.0,Completed,100.0
260,49458.0,Kono Subarashii Sekai ni Shukufuku wo! 3,TV,11.0,0.0,Plan to Watch,0.0
261,38040.0,Kono Subarashii Sekai ni Shukufuku wo! Movie: Kurenai Densetsu,Movie,1.0,1.0,Completed,100.0
262,15379.0,Kotoura-san,TV,12.0,12.0,Completed,100.0
263,43.0,Koukaku Kidoutai,Movie,1.0,1.0,Completed,100.0
264,28623.0,Koutetsujou no Kabaneri,TV,12.0,12.0,Completed,100.0
265,11771.0,Kuroko no Basket,TV,25.0,25.0,Completed,100.0
266,16894.0,Kuroko no Basket 2nd Season,TV,25.0,25.0,Completed,100.0
267,24415.0,Kuroko no Basket 3rd Season,TV,25.0,25.0,Completed,100.0
268,4898.0,Kuroshitsuji,TV,24.0,24.0,Completed,100.0
269,6707.0,Kuroshitsuji II,TV,12.0,12.0,Completed,100.0
270,22145.0,Kuroshitsuji: Book of Circus,TV,10.0,10.0,Completed,100.0
271,55855.0,Kuroshitsuji: Kishuku Gakkou-hen,TV,11.0,11.0,Completed,100.0
272,18153.0,Kyoukai no Kanata,TV,12.0,12.0,Completed,100.0
273,54617.0,Kyuujitsu no Warumono-san,TV,12.0,12.0,Completed,100.0
274,17265.0,Log Horizon,TV,25.0,25.0,Completed,100.0
275,32526.0,Love Live! Sunshine!!,TV,13.0,10.0,On-Hold,76.92307692307693
276,34599.0,Made in Abyss,TV,13.0,13.0,Completed,100.0
277,41084.0,Made in Abyss: Retsujitsu no Ougonkyou,TV,12.0,12.0,Completed,100.0
278,31741.0,Magi: Sinbad no Bouken (TV),TV,13.0,13.0,Completed,100.0
279,9756.0,Mahou Shoujo Madoka★Magica,TV,12.0,12.0,Completed,100.0
280,20785.0,Mahouka Koukou no Rettousei,TV,26.0,26.0,Completed,100.0
281,50713.0,Mahouka Koukou no Rettousei 3rd Season,TV,13.0,13.0,Completed,100.0
282,35062.0,Mahoutsukai no Yome,TV,24.0,24.0,Completed,100.0
283,15565.0,Maken-Ki! Two,TV,10.0,10.0,Completed,100.0
284,49470.0,Mamahaha no Tsurego ga Motokano datta,TV,12.0,12.0,Completed,100.0
285,48418.0,"Maou Gakuin no Futekigousha II: Shijou Saikyou no Maou no Shiso, Tensei shite Shison-tachi no Gakkou e Kayou Part 2",TV,12.0,12.0,Completed,100.0
286,55813.0,Mashle: Shinkakusha Kouho Senbatsu Shiken-hen,TV,12.0,12.0,Completed,100.0
287,21603.0,Mekakucity Actors,TV,12.0,12.0,Completed,100.0
288,5962.0,Metal Fight Beyblade,TV,51.0,51.0,Completed,100.0
289,10620.0,Mirai Nikki (TV),TV,26.0,26.0,Completed,100.0
290,32182.0,Mob Psycho 100,TV,12.0,12.0,Completed,100.0
291,37510.0,Mob Psycho 100 II,TV,13.0,13.0,Completed,100.0
292,50172.0,Mob Psycho 100 III,TV,12.0,12.0,Completed,100.0
293,10389.0,Momo e no Tegami,Movie,1.0,1.0,Completed,100.0
294,58492.0,Mono,TV,0.0,0.0,Plan to Watch,0.0
295,19.0,Monster,TV,74.0,74.0,Completed,100.0
296,31442.0,Musaigen no Phantom World,TV,13.0,13.0,Completed,100.0
297,457.0,Mushishi,TV,26.0,26.0,Completed,100.0
298,21939.0,Mushishi Zoku Shou,TV,10.0,10.0,Completed,100.0
299,24701.0,Mushishi Zoku Shou 2nd Season,TV,10.0,10.0,Completed,100.0
300,24687.0,Mushishi Zoku Shou: Odoro no Michi,TV Special,1.0,1.0,Completed,100.0
301,21329.0,Mushishi: Hihamukage,TV Special,1.0,1.0,Completed,100.0
302,51179.0,Mushoku Tensei II: Isekai Ittara Honki Dasu,TV,12.0,12.0,Completed,100.0
303,55888.0,Mushoku Tensei II: Isekai Ittara Honki Dasu Part 2,TV,12.0,12.0,Completed,100.0
304,39535.0,Mushoku Tensei: Isekai Ittara Honki Dasu,TV,11.0,11.0,Completed,100.0
305,45576.0,Mushoku Tensei: Isekai Ittara Honki Dasu Part 2,TV,12.0,12.0,Completed,100.0
306,877.0,Nana,TV,47.0,47.0,Completed,100.0
307,23755.0,Nanatsu no Taizai,TV,24.0,24.0,Completed,100.0
308,34577.0,Nanatsu no Taizai: Imashime no Fukkatsu,TV,24.0,24.0,Completed,100.0
309,39701.0,Nanatsu no Taizai: Kamigami no Gekirin,TV,24.0,24.0,Completed,100.0
310,31722.0,Nanatsu no Taizai: Seisen no Shirushi,TV,4.0,4.0,Completed,100.0
311,38397.0,Nande Koko ni Sensei ga!?,TV,12.0,12.0,Completed,100.0
312,1735.0,Naruto: Shippuuden,TV,500.0,500.0,Completed,100.0
313,32983.0,Natsume Yuujinchou Go,TV,11.0,11.0,Completed,100.0
314,34591.0,Natsume Yuujinchou Roku,TV,11.0,11.0,Completed,100.0
315,38924.0,Nekopara,TV,12.0,12.0,Completed,100.0
316,31404.0,Netoge no Yome wa Onnanoko ja Nai to Omotta?,TV,12.0,12.0,Completed,100.0
317,10165.0,Nichijou,TV,26.0,26.0,Completed,100.0
318,54724.0,Nige Jouzu no Wakagimi,TV,12.0,12.0,Completed,100.0
319,56285.0,Ninja Kamui,TV,13.0,13.0,Completed,100.0
320,18897.0,Nisekoi,TV,20.0,20.0,Completed,100.0
321,19815.0,No Game No Life,TV,12.0,12.0,Completed,100.0
322,33674.0,No Game No Life: Zero,Movie,1.0,1.0,Completed,100.0
323,41345.0,Noblesse,TV,13.0,13.0,Completed,100.0
324,17549.0,Non Non Biyori,TV,12.0,12.0,Completed,100.0
325,39808.0,Non Non Biyori Nonstop,TV,12.0,12.0,Completed,100.0
326,20507.0,Noragami,TV,12.0,12.0,Completed,100.0
327,30503.0,Noragami Aragoto,TV,13.0,13.0,Completed,100.0
328,32962.0,Occultic;Nine,TV,12.0,12.0,Completed,100.0
329,28819.0,Okusama ga Seitokaichou!,TV,12.0,12.0,Completed,100.0
330,21.0,One Piece,TV,0.0,1032.0,Watching,inf
331,30276.0,One Punch Man,TV,12.0,12.0,Completed,100.0
332,34134.0,One Punch Man 2nd Season,TV,12.0,12.0,Completed,100.0
333,56838.0,"One Room, Hiatari Futsuu, Tenshi-tsuki.",TV,12.0,3.0,Watching,25.0
334,32729.0,Orange,TV,13.0,13.0,Completed,100.0
335,52299.0,Ore dake Level Up na Ken,TV,12.0,12.0,Completed,100.0
336,58567.0,Ore dake Level Up na Ken Season 2: Arise from the Shadow,TV,13.0,6.0,Watching,46.15384615384615
337,19369.0,Outbreak Company,TV,12.0,12.0,Completed,100.0
338,29803.0,Overlord,TV,13.0,13.0,Completed,100.0
339,35073.0,Overlord II,TV,13.0,13.0,Completed,100.0
340,37675.0,Overlord III,TV,13.0,13.0,Completed,100.0
341,48895.0,Overlord IV,TV,13.0,13.0,Completed,100.0
342,26243.0,Owari no Seraph,TV,12.0,12.0,Completed,100.0
343,28927.0,Owari no Seraph: Nagoya Kessen-hen,TV,12.0,12.0,Completed,100.0
344,5530.0,Pandora Hearts,TV,25.0,25.0,Completed,100.0
345,27775.0,Plastic Memories,TV,13.0,13.0,Completed,100.0
346,44961.0,Platinum End,TV,24.0,24.0,Completed,100.0
347,40351.0,Pokemon (2019),TV,136.0,3.0,Dropped,2.2058823529411766
348,14093.0,Pokemon Best Wishes! Season 2,TV,24.0,24.0,Completed,100.0
349,19291.0,Pokemon XY,TV,93.0,93.0,Completed,100.0
350,31592.0,Pokemon XY&Z,TV,47.0,47.0,Completed,100.0
351,30240.0,Prison School,TV,12.0,12.0,Completed,100.0
352,13601.0,Psycho-Pass,TV,22.0,22.0,Completed,100.0
353,23281.0,Psycho-Pass 2,TV,11.0,11.0,Completed,100.0
354,39491.0,Psycho-Pass 3,TV,8.0,8.0,Completed,100.0
355,31240.0,Re:Zero kara Hajimeru Isekai Seikatsu,TV,25.0,25.0,Completed,100.0
356,38414.0,Re:Zero kara Hajimeru Isekai Seikatsu - Hyouketsu no Kizuna,Movie,1.0,1.0,Completed,100.0
357,39587.0,Re:Zero kara Hajimeru Isekai Seikatsu 2nd Season,TV,13.0,13.0,Completed,100.0
358,42203.0,Re:Zero kara Hajimeru Isekai Seikatsu 2nd Season Part 2,TV,12.0,12.0,Completed,100.0
359,54857.0,Re:Zero kara Hajimeru Isekai Seikatsu 3rd Season,TV,16.0,6.0,Watching,37.5
360,30015.0,ReLIFE,TV,13.0,13.0,Completed,100.0
361,38992.0,Rikei ga Koi ni Ochita no de Shoumei shitemita.,TV,12.0,12.0,Completed,100.0
362,32951.0,Rokudenashi Majutsu Koushi to Akashic Records,TV,12.0,12.0,Completed,100.0
363,23277.0,Saenai Heroine no Sodatekata,TV,12.0,12.0,Completed,100.0
364,33255.0,Saiki Kusuo no Ψ-nan,TV,120.0,120.0,Completed,100.0
365,34612.0,Saiki Kusuo no Ψ-nan 2,TV,24.0,24.0,Completed,100.0
366,38249.0,Saiki Kusuo no Ψ-nan: Kanketsu-hen,TV Special,1.0,1.0,Completed,100.0
367,32542.0,Sakamoto desu ga?,TV,12.0,12.0,Completed,100.0
368,13759.0,Sakura-sou no Pet na Kanojo,TV,24.0,24.0,Completed,100.0
369,205.0,Samurai Champloo,TV,26.0,26.0,Completed,100.0
370,35994.0,Satsuriku no Tenshi,TV,16.0,16.0,Completed,100.0
371,37450.0,Seishun Buta Yarou wa Bunny Girl Senpai no Yume wo Minai,TV,13.0,13.0,Completed,100.0
372,38329.0,Seishun Buta Yarou wa Yumemiru Shoujo no Yume wo Minai,Movie,1.0,1.0,Completed,100.0
373,199.0,Sen to Chihiro no Kamikakushi,Movie,1.0,1.0,Completed,100.0
374,42351.0,Senpai ga Uzai Kouhai no Hanashi,TV,12.0,12.0,Completed,100.0
375,38759.0,Sewayaki Kitsune no Senko-san,TV,12.0,12.0,Completed,100.0
376,42395.0,Shakunetsu Kabaddi,TV,12.0,0.0,Plan to Watch,0.0
377,23273.0,Shigatsu wa Kimi no Uso,TV,22.0,22.0,Completed,100.0
378,58426.0,Shikanoko Nokonoko Koshitantan,TV,12.0,12.0,Completed,100.0
379,7724.0,Shiki,TV,22.0,22.0,Completed,100.0
380,29786.0,Shimoneta to Iu Gainen ga Sonzai Shinai Taikutsu na Sekai,TV,12.0,12.0,Completed,100.0
381,16498.0,Shingeki no Kyojin,TV,25.0,25.0,Completed,100.0
382,25777.0,Shingeki no Kyojin Season 2,TV,12.0,12.0,Completed,100.0
383,35760.0,Shingeki no Kyojin Season 3,TV,12.0,12.0,Completed,100.0
384,38524.0,Shingeki no Kyojin Season 3 Part 2,TV,10.0,10.0,Completed,100.0
385,40028.0,Shingeki no Kyojin: The Final Season,TV,16.0,16.0,Completed,100.0
386,48583.0,Shingeki no Kyojin: The Final Season Part 2,TV,12.0,12.0,Completed,100.0
387,49858.0,Shinigami Bocchan to Kuro Maid 2nd Season,TV,12.0,12.0,Completed,100.0
388,56738.0,Shinigami Bocchan to Kuro Maid 3rd Season,TV,12.0,12.0,Completed,100.0
389,30.0,Shinseiki Evangelion,TV,26.0,26.0,Completed,100.0
390,32.0,"Shinseiki Evangelion Movie: Air/Magokoro wo, Kimi ni",Movie,1.0,1.0,Completed,100.0
391,40902.0,Shokugeki no Souma: Gou no Sara,TV,13.0,13.0,Completed,100.0
392,35788.0,Shokugeki no Souma: San no Sara,TV,12.0,12.0,Completed,100.0
393,39940.0,Shokugeki no Souma: Shin no Sara,TV,12.0,12.0,Completed,100.0
394,31914.0,Shoujo-tachi wa Kouya wo Mezasu,TV,12.0,12.0,Completed,100.0
395,32571.0,Shounen Ashibe: Go! Go! Goma-chan,TV,32.0,13.0,On-Hold,40.625
396,57810.0,Shoushimin Series,TV,10.0,10.0,Completed,100.0
397,170.0,Slam Dunk,TV,101.0,101.0,Completed,100.0
398,48849.0,Sonny Boy,TV,12.0,12.0,Completed,100.0
399,48736.0,Sono Bisque Doll wa Koi wo Suru,TV,12.0,12.0,Completed,100.0
400,3588.0,Soul Eater,TV,51.0,51.0,Completed,100.0
401,52991.0,Sousou no Frieren,TV,28.0,28.0,Completed,100.0
402,20057.0,Space☆Dandy,TV,13.0,13.0,Completed,100.0
403,50265.0,Spy x Family,TV,12.0,12.0,Completed,100.0
404,9253.0,Steins;Gate,TV,24.0,24.0,Completed,100.0
405,30484.0,Steins;Gate 0,TV,23.0,23.0,Completed,100.0
406,14289.0,Suki tte Ii na yo.,TV,13.0,13.0,Completed,100.0
407,47194.0,Summertime Render,TV,25.0,25.0,Completed,100.0
408,11757.0,Sword Art Online,TV,25.0,25.0,Completed,100.0
409,21881.0,Sword Art Online II,TV,24.0,24.0,Completed,100.0
410,36474.0,Sword Art Online: Alicization,TV,24.0,24.0,Completed,100.0
411,39597.0,Sword Art Online: Alicization - War of Underworld,TV,12.0,12.0,Completed,100.0
412,40540.0,Sword Art Online: Alicization - War of Underworld 2nd Season,TV,11.0,11.0,Completed,100.0
413,21647.0,Tamako Love Story,Movie,1.0,1.0,Completed,100.0
414,16417.0,Tamako Market,TV,12.0,12.0,Completed,100.0
415,32093.0,Tanaka-kun wa Itsumo Kedaruge,TV,12.0,12.0,Completed,100.0
416,35790.0,Tate no Yuusha no Nariagari,TV,25.0,25.0,Completed,100.0
417,40356.0,Tate no Yuusha no Nariagari Season 2,TV,13.0,13.0,Completed,100.0
418,38826.0,Tenki no Ko,Movie,1.0,1.0,Completed,100.0
419,37430.0,Tensei shitara Slime Datta Ken,TV,24.0,24.0,Completed,100.0
420,39551.0,Tensei shitara Slime Datta Ken 2nd Season,TV,12.0,12.0,Completed,100.0
421,41487.0,Tensei shitara Slime Datta Ken 2nd Season Part 2,TV,12.0,12.0,Completed,100.0
422,53580.0,Tensei shitara Slime Datta Ken 3rd Season,TV,24.0,24.0,Watching,100.0
423,38793.0,Tensei shitara Slime Datta Ken OVA,OVA,5.0,5.0,Completed,100.0
424,41488.0,Tensura Nikki: Tensei shitara Slime Datta Ken,TV,12.0,12.0,Completed,100.0
425,41353.0,The God of High School,TV,13.0,13.0,Completed,100.0
426,13663.0,To LOVE-Ru Darkness,TV,12.0,12.0,Completed,100.0
427,28979.0,To LOVE-Ru Darkness 2nd,TV,12.0,12.0,Completed,100.0
428,6213.0,Toaru Kagaku no Railgun,TV,24.0,24.0,Completed,100.0
429,16049.0,Toaru Kagaku no Railgun S,TV,24.0,24.0,Completed,100.0
430,38481.0,Toaru Kagaku no Railgun T,TV,25.0,25.0,Completed,100.0
431,2236.0,Toki wo Kakeru Shoujo,Movie,1.0,1.0,Completed,100.0
432,54744.0,Tokidoki Bosotto Russia-go de Dereru Tonari no Alya-san,TV,12.0,12.0,Completed,100.0
433,22319.0,Tokyo Ghoul,TV,12.0,12.0,Completed,100.0
434,27899.0,Tokyo Ghoul √A,TV,12.0,12.0,Completed,100.0
435,30458.0,"Tokyo Ghoul: ""Jack""",OVA,1.0,1.0,Completed,100.0
436,31297.0,"Tokyo Ghoul: ""Pinto""",OVA,1.0,1.0,Completed,100.0
437,36511.0,Tokyo Ghoul:re,TV,12.0,12.0,Completed,100.0
438,37799.0,Tokyo Ghoul:re 2nd Season,TV,12.0,12.0,Completed,100.0
439,42249.0,Tokyo Revengers,TV,24.0,24.0,Completed,100.0
440,50273.0,Tomodachi Game,TV,12.0,12.0,Completed,100.0
441,14227.0,Tonari no Kaibutsu-kun,TV,13.0,13.0,Completed,100.0
442,523.0,Tonari no Totoro,Movie,1.0,1.0,Completed,100.0
443,41389.0,Tonikaku Kawaii,TV,12.0,12.0,Completed,100.0
444,4224.0,Toradora!,TV,25.0,25.0,Completed,100.0
445,25157.0,Trinity Seven,TV,12.0,12.0,Completed,100.0
446,34822.0,Tsuki ga Kirei,TV,12.0,12.0,Completed,100.0
447,34902.0,Tsurezure Children,TV,12.0,12.0,Completed,100.0
448,38573.0,Tsuujou Kougeki ga Zentai Kougeki de Ni-kai Kougeki no Okaasan wa Suki desu ka?,TV,12.0,12.0,Completed,100.0
449,40333.0,Uzumaki,TV,4.0,2.0,Watching,50.0
450,37521.0,Vinland Saga,TV,24.0,24.0,Completed,100.0
451,49387.0,Vinland Saga Season 2,TV,24.0,24.0,Completed,100.0
452,33352.0,Violet Evergarden,TV,13.0,13.0,Completed,100.0
453,53672.0,Violet Evergarden: Recollections,Special,1.0,1.0,Completed,100.0
454,32899.0,Watashi ga Motete Dousunda,TV,12.0,12.0,Completed,100.0
455,54900.0,Wind Breaker,TV,13.0,13.0,Completed,100.0
456,35968.0,Wotaku ni Koi wa Muzukashii,TV,11.0,11.0,Completed,100.0
457,14813.0,Yahari Ore no Seishun Love Comedy wa Machigatteiru.,TV,13.0,13.0,Completed,100.0
458,39547.0,Yahari Ore no Seishun Love Comedy wa Machigatteiru. Kan,TV,12.0,12.0,Completed,100.0
459,23847.0,Yahari Ore no Seishun Love Comedy wa Machigatteiru. Zoku,TV,13.0,13.0,Completed,100.0
460,37779.0,Yakusoku no Neverland,TV,12.0,12.0,Completed,100.0
461,39617.0,Yakusoku no Neverland 2nd Season,TV,11.0,11.0,Completed,100.0
462,7785.0,Yojouhan Shinwa Taikei,TV,11.0,11.0,Completed,100.0
463,51692.0,Yoru wa Neko to Issho,TV,30.0,30.0,Completed,100.0
464,32615.0,Youjo Senki,TV,12.0,12.0,Completed,100.0
465,48365.0,Youkai Watch ♪,TV,98.0,98.0,Completed,100.0
466,35507.0,Youkoso Jitsuryoku Shijou Shugi no Kyoushitsu e,TV,12.0,12.0,Completed,100.0
467,51096.0,Youkoso Jitsuryoku Shijou Shugi no Kyoushitsu e 2nd Season,TV,13.0,13.0,Completed,100.0
468,51180.0,Youkoso Jitsuryoku Shijou Shugi no Kyoushitsu e 3rd Season,TV,13.0,13.0,Completed,100.0
469,32995.0,Yuri!!! on Ice,TV,12.0,12.0,Completed,100.0
470,23283.0,Zankyou no Terror,TV,11.0,11.0,Completed,100.0
471,1195.0,Zero no Tsukaima,TV,13.0,13.0,Completed,100.0
472,16005.0,Zettai Karen Children: The Unlimited - Hyoubu Kyousuke,TV,12.0,12.0,Completed,100.0
473,54112.0,Zom 100: Zombie ni Naru made ni Shitai 100 no Koto,TV,12.0,12.0,Completed,100.0
474,55791.0,[Oshi no Ko] 2nd Season,TV,13.0,13.0,Completed,100.0
